{"cameraMode":{"drawMode":0,"name":"Shaded","section":"Shading Mode"},"sceneLighting":true,"audioPlay":false,"sceneViewState":{"showFog":true,"showMaterialUpdate":false,"showSkybox":true,"showFlares":true,"showImageEffects":true,"showParticleSystems":true},"in2DMode":false,"pivot":{"x":1.2690788507461548,"y":-29.747844696044923,"z":-11.767093658447266},"rotation":{"x":-0.01945105381309986,"y":0.8413017988204956,"z":-0.539613664150238,"w":-0.03030402399599552},"size":22.934268951416017,"orthographic":false}