{"cameraMode":{"drawMode":0,"name":"Shaded","section":"Shading Mode"},"sceneLighting":true,"audioPlay":false,"sceneViewState":{"showFog":true,"showMaterialUpdate":false,"showSkybox":true,"showFlares":true,"showImageEffects":true,"showParticleSystems":true},"in2DMode":false,"pivot":{"x":25.293670654296876,"y":-80.63556671142578,"z":-78.68351745605469},"rotation":{"x":-0.05878101661801338,"y":-0.916823148727417,"z":0.36754852533340456,"w":-0.14607088267803193},"size":73.03931427001953,"orthographic":false}