{"cameraMode":{"drawMode":0,"name":"Shaded","section":"Shading Mode"},"sceneLighting":false,"audioPlay":false,"sceneViewState":{"showFog":true,"showMaterialUpdate":false,"showSkybox":false,"showFlares":true,"showImageEffects":true,"showParticleSystems":true},"in2DMode":false,"pivot":{"x":-0.2657560110092163,"y":0.5013304352760315,"z":2.089219093322754},"rotation":{"x":0.10377267003059387,"y":-0.8952487707138062,"z":0.3281179964542389,"w":0.28311336040496828},"size":0.6123724579811096,"orthographic":false}