{"cameraMode":{"drawMode":0,"name":"Shaded","section":"Shading Mode"},"sceneLighting":true,"audioPlay":false,"sceneViewState":{"showFog":true,"showMaterialUpdate":false,"showSkybox":true,"showFlares":true,"showImageEffects":true,"showParticleSystems":true},"in2DMode":false,"pivot":{"x":7.389560222625732,"y":-13.201977729797364,"z":-19.483339309692384},"rotation":{"x":0.03959260135889053,"y":0.9544085264205933,"z":-0.2582760751247406,"w":0.14565148949623109},"size":20.103313446044923,"orthographic":false}