{"cameraMode":{"drawMode":0,"name":"Shaded","section":"Shading Mode"},"sceneLighting":true,"audioPlay":false,"sceneViewState":{"showFog":true,"showMaterialUpdate":false,"showSkybox":true,"showFlares":true,"showImageEffects":true,"showParticleSystems":true},"in2DMode":false,"pivot":{"x":-4.820595741271973,"y":-14.237462997436524,"z":-25.219152450561525},"rotation":{"x":-0.029676666483283044,"y":0.9607205986976624,"z":-0.25228917598724368,"w":-0.11292683333158493},"size":19.585866928100587,"orthographic":false}