{"cameraMode":{"drawMode":0,"name":"Shaded","section":"Shading Mode"},"sceneLighting":true,"audioPlay":false,"sceneViewState":{"showFog":true,"showMaterialUpdate":false,"showSkybox":true,"showFlares":true,"showImageEffects":true,"showParticleSystems":true},"in2DMode":false,"pivot":{"x":-14.65233325958252,"y":-13.546623229980469,"z":-13.702447891235352},"rotation":{"x":-0.1118907779455185,"y":0.8851152062416077,"z":-0.27853527665138247,"w":-0.35616275668144228},"size":17.723918914794923,"orthographic":false}