{"cameraMode":{"drawMode":0,"name":"Shaded","section":"Shading Mode"},"sceneLighting":true,"audioPlay":false,"sceneViewState":{"showFog":true,"showMaterialUpdate":true,"showSkybox":true,"showFlares":true,"showImageEffects":true,"showParticleSystems":true},"in2DMode":false,"pivot":{"x":-5.666046142578125,"y":0.07933187484741211,"z":-1.0900216102600098},"rotation":{"x":0.07988319545984268,"y":-0.8619027137756348,"z":0.14351917803287507,"w":0.4797370433807373},"size":7.075019836425781,"orthographic":false}